question,answer,Cleaned_Question,Cleaned_Answer
What is mental health?,Mental health includes our emotional psychological and social well-being. It affects how we think feel and act and helps determine how we handle stress relate to others and make choices.,what is mental health,mental health includes our emotional psychological and social wellbeing it affects how we think feel and act and helps determine how we handle stress relate to others and make choices
What are the signs of depression?,Common signs of depression include persistent sadness loss of interest in activities changes in appetite or sleep fatigue difficulty concentrating feelings of worthlessness and in severe cases thoughts of self-harm.,what are the signs of depression,common signs of depression include persistent sadness loss of interest in activities changes in appetite or sleep fatigue difficulty concentrating feelings of worthlessness and in severe cases thoughts of selfharm
How can I manage anxiety?,You can manage anxiety through deep breathing exercises mindfulness meditation regular physical exercise adequate sleep limiting caffeine and alcohol and talking to a therapist or counselor.,how can i manage anxiety,you can manage anxiety through deep breathing exercises mindfulness meditation regular physical exercise adequate sleep limiting caffeine and alcohol and talking to a therapist or counselor
What is the difference between stress and anxiety?,Stress is typically caused by an external trigger and goes away once the situation is resolved. Anxiety persists even without a specific cause and can interfere with daily life.,what is the difference between stress and anxiety,stress is typically caused by an external trigger and goes away once the situation is resolved anxiety persists even without a specific cause and can interfere with daily life
How does exercise help mental health?,Exercise releases endorphins which are natural mood lifters. It reduces stress hormones like cortisol improves sleep boosts self-esteem and provides a healthy distraction from negative thoughts.,how does exercise help mental health,exercise releases endorphins which are natural mood lifters it reduces stress hormones like cortisol improves sleep boosts selfesteem and provides a healthy distraction from negative thoughts
What is mindfulness?,Mindfulness is the practice of being fully present and aware of your thoughts feelings and surroundings without judgment. It helps reduce stress anxiety and depression.,what is mindfulness,mindfulness is the practice of being fully present and aware of your thoughts feelings and surroundings without judgment it helps reduce stress anxiety and depression
How can I improve my sleep for better mental health?,Maintain a consistent sleep schedule avoid screens before bed create a comfortable sleep environment limit caffeine and practice relaxation techniques like deep breathing or meditation before sleeping.,how can i improve my sleep for better mental health,maintain a consistent sleep schedule avoid screens before bed create a comfortable sleep environment limit caffeine and practice relaxation techniques like deep breathing or meditation before sleeping
What is cognitive behavioral therapy?,Cognitive behavioral therapy or CBT is a type of psychotherapy that helps people identify and change negative thought patterns and behaviors. It is effective for treating depression anxiety PTSD and other conditions.,what is cognitive behavioral therapy,cognitive behavioral therapy or cbt is a type of psychotherapy that helps people identify and change negative thought patterns and behaviors it is effective for treating depression anxiety ptsd and other conditions
How can I support a friend with mental illness?,Listen without judgment offer your presence and support encourage them to seek professional help educate yourself about their condition avoid minimizing their feelings and check in on them regularly.,how can i support a friend with mental illness,listen without judgment offer your presence and support encourage them to seek professional help educate yourself about their condition avoid minimizing their feelings and check in on them regularly
What are panic attacks?,Panic attacks are sudden episodes of intense fear that trigger severe physical reactions such as rapid heartbeat shortness of breath dizziness and trembling. They can occur without an obvious cause.,what are panic attacks,panic attacks are sudden episodes of intense fear that trigger severe physical reactions such as rapid heartbeat shortness of breath dizziness and trembling they can occur without an obvious cause
How do I know if I need therapy?,You might need therapy if you feel overwhelmed most of the time your mental state is affecting your relationships or work you are using substances to cope or you have experienced trauma or loss.,how do i know if i need therapy,you might need therapy if you feel overwhelmed most of the time your mental state is affecting your relationships or work you are using substances to cope or you have experienced trauma or loss
What is PTSD?,Post-traumatic stress disorder or PTSD is a mental health condition triggered by experiencing or witnessing a terrifying event. Symptoms include flashbacks nightmares severe anxiety and uncontrollable thoughts.,what is ptsd,posttraumatic stress disorder or ptsd is a mental health condition triggered by experiencing or witnessing a terrifying event symptoms include flashbacks nightmares severe anxiety and uncontrollable thoughts
What are coping strategies for mental health?,Healthy coping strategies include journaling exercise talking to someone meditation creative outlets spending time in nature maintaining social connections and practicing gratitude.,what are coping strategies for mental health,healthy coping strategies include journaling exercise talking to someone meditation creative outlets spending time in nature maintaining social connections and practicing gratitude
How does social media affect mental health?,Excessive social media use can lead to anxiety depression low self-esteem and sleep problems especially due to comparison with others cyberbullying and information overload. Setting screen time limits helps.,how does social media affect mental health,excessive social media use can lead to anxiety depression low selfesteem and sleep problems especially due to comparison with others cyberbullying and information overload setting screen time limits helps
What is self-care and why is it important?,Self-care involves intentional actions to maintain your physical emotional and mental well-being. It is important because it prevents burnout reduces stress and improves overall quality of life.,what is selfcare and why is it important,selfcare involves intentional actions to maintain your physical emotional and mental wellbeing it is important because it prevents burnout reduces stress and improves overall quality of life
Can mental illness be cured?,Many mental illnesses can be effectively managed or treated with therapy medication lifestyle changes or a combination. Some people experience full recovery while others learn to manage symptoms long-term.,can mental illness be cured,many mental illnesses can be effectively managed or treated with therapy medication lifestyle changes or a combination some people experience full recovery while others learn to manage symptoms longterm
What is bipolar disorder?,Bipolar disorder is a mental condition characterized by extreme mood swings including emotional highs called mania and lows called depression. These shifts can affect sleep energy activity judgment and behavior.,what is bipolar disorder,bipolar disorder is a mental condition characterized by extreme mood swings including emotional highs called mania and lows called depression these shifts can affect sleep energy activity judgment and behavior
How can I help someone having a panic attack?,Stay calm and reassure them. Encourage slow deep breathing. Remind them the panic attack will pass and they are safe. Do not leave them alone and avoid saying things like just relax.,how can i help someone having a panic attack,stay calm and reassure them encourage slow deep breathing remind them the panic attack will pass and they are safe do not leave them alone and avoid saying things like just relax
What is the role of nutrition in mental health?,A balanced diet rich in fruits vegetables whole grains lean proteins and omega-3 fatty acids supports brain health. Poor nutrition can worsen mood and cognitive function.,what is the role of nutrition in mental health,a balanced diet rich in fruits vegetables whole grains lean proteins and omega3 fatty acids supports brain health poor nutrition can worsen mood and cognitive function
What is emotional intelligence?,Emotional intelligence is the ability to recognize understand manage and effectively use your own emotions and empathize with others. It improves relationships communication and mental resilience.,what is emotional intelligence,emotional intelligence is the ability to recognize understand manage and effectively use your own emotions and empathize with others it improves relationships communication and mental resilience
How does trauma affect mental health?,Trauma can cause PTSD anxiety depression trust issues emotional numbness and physical symptoms. Trauma-informed therapy can help people process and heal from traumatic experiences.,how does trauma affect mental health,trauma can cause ptsd anxiety depression trust issues emotional numbness and physical symptoms traumainformed therapy can help people process and heal from traumatic experiences
What is the importance of social connections for mental health?,Strong social connections reduce feelings of loneliness lower stress improve mood and even boost physical health. Isolation can worsen mental health conditions significantly.,what is the importance of social connections for mental health,strong social connections reduce feelings of loneliness lower stress improve mood and even boost physical health isolation can worsen mental health conditions significantly
How do I practice gratitude?,Practice gratitude by keeping a daily journal of things you are thankful for expressing appreciation to others focusing on positive moments and shifting your mindset from what you lack to what you have.,how do i practice gratitude,practice gratitude by keeping a daily journal of things you are thankful for expressing appreciation to others focusing on positive moments and shifting your mindset from what you lack to what you have
What is OCD?,Obsessive-compulsive disorder or OCD is a mental health condition where people experience unwanted recurring thoughts called obsessions and repetitive behaviors called compulsions that they feel driven to perform.,what is ocd,obsessivecompulsive disorder or ocd is a mental health condition where people experience unwanted recurring thoughts called obsessions and repetitive behaviors called compulsions that they feel driven to perform
How can breathing exercises help anxiety?,Slow deep breathing activates the parasympathetic nervous system which calms the body's stress response. Techniques like box breathing and diaphragmatic breathing can quickly reduce anxiety symptoms.,how can breathing exercises help anxiety,slow deep breathing activates the parasympathetic nervous system which calms the bodys stress response techniques like box breathing and diaphragmatic breathing can quickly reduce anxiety symptoms
What is the difference between sadness and depression?,Sadness is a normal human emotion that passes over time usually in response to a specific event. Depression is a persistent condition that lasts weeks or months affects functioning and often has no clear cause.,what is the difference between sadness and depression,sadness is a normal human emotion that passes over time usually in response to a specific event depression is a persistent condition that lasts weeks or months affects functioning and often has no clear cause
How can I build resilience?,Build resilience by developing a positive mindset maintaining strong relationships setting realistic goals learning from failures practicing self-care and seeking help when needed.,how can i build resilience,build resilience by developing a positive mindset maintaining strong relationships setting realistic goals learning from failures practicing selfcare and seeking help when needed
What is schizophrenia?,Schizophrenia is a serious mental disorder where people interpret reality abnormally. Symptoms may include hallucinations delusions disorganized thinking and impaired daily functioning. It requires lifelong treatment.,what is schizophrenia,schizophrenia is a serious mental disorder where people interpret reality abnormally symptoms may include hallucinations delusions disorganized thinking and impaired daily functioning it requires lifelong treatment
Why is mental health awareness important?,Mental health awareness reduces stigma encourages people to seek help promotes early intervention and improves overall community well-being. It helps normalize conversations about emotional struggles.,why is mental health awareness important,mental health awareness reduces stigma encourages people to seek help promotes early intervention and improves overall community wellbeing it helps normalize conversations about emotional struggles
What is a therapist vs a psychiatrist?,A therapist provides talk therapy to help manage mental health issues. A psychiatrist is a medical doctor who can diagnose mental health conditions and prescribe medication.,what is a therapist vs a psychiatrist,a therapist provides talk therapy to help manage mental health issues a psychiatrist is a medical doctor who can diagnose mental health conditions and prescribe medication
How does alcohol affect mental health?,Alcohol is a depressant that can worsen anxiety and depression disrupt sleep impair judgment and create dependency. Long-term use significantly harms mental and physical health.,how does alcohol affect mental health,alcohol is a depressant that can worsen anxiety and depression disrupt sleep impair judgment and create dependency longterm use significantly harms mental and physical health
What is the fight or flight response?,The fight or flight response is the body's automatic reaction to a perceived threat. It triggers adrenaline release increased heart rate and heightened alertness to help you either confront or escape danger.,what is the fight or flight response,the fight or flight response is the bodys automatic reaction to a perceived threat it triggers adrenaline release increased heart rate and heightened alertness to help you either confront or escape danger
How can journaling improve mental health?,Journaling helps process emotions identify negative thought patterns reduce stress track moods and gain self-awareness. Writing regularly provides a safe outlet for feelings and promotes clarity.,how can journaling improve mental health,journaling helps process emotions identify negative thought patterns reduce stress track moods and gain selfawareness writing regularly provides a safe outlet for feelings and promotes clarity
What are the types of anxiety disorders?,Types include generalized anxiety disorder panic disorder social anxiety disorder specific phobias separation anxiety disorder and agoraphobia. Each has unique triggers and symptoms.,what are the types of anxiety disorders,types include generalized anxiety disorder panic disorder social anxiety disorder specific phobias separation anxiety disorder and agoraphobia each has unique triggers and symptoms
What is self-compassion?,Self-compassion means treating yourself with kindness and understanding during difficult times rather than harsh self-criticism. It involves recognizing your shared humanity and being mindful of your pain.,what is selfcompassion,selfcompassion means treating yourself with kindness and understanding during difficult times rather than harsh selfcriticism it involves recognizing your shared humanity and being mindful of your pain
How can I set healthy boundaries?,Set healthy boundaries by knowing your limits communicating them clearly to others learning to say no without guilt and consistently enforcing them. Boundaries protect your mental and emotional energy.,how can i set healthy boundaries,set healthy boundaries by knowing your limits communicating them clearly to others learning to say no without guilt and consistently enforcing them boundaries protect your mental and emotional energy
What is the impact of loneliness on mental health?,Chronic loneliness is linked to depression anxiety cognitive decline and even shorter lifespan. Building meaningful connections and community involvement can combat loneliness effectively.,what is the impact of loneliness on mental health,chronic loneliness is linked to depression anxiety cognitive decline and even shorter lifespan building meaningful connections and community involvement can combat loneliness effectively
How does nature help mental health?,Spending time in nature reduces cortisol levels lowers blood pressure boosts mood improves focus and promotes feelings of calm and well-being. Even short walks in green spaces are beneficial.,how does nature help mental health,spending time in nature reduces cortisol levels lowers blood pressure boosts mood improves focus and promotes feelings of calm and wellbeing even short walks in green spaces are beneficial
What is emotional regulation?,Emotional regulation is the ability to manage and respond to emotional experiences in a healthy way. Skills include identifying emotions pausing before reacting using coping strategies and seeking support.,what is emotional regulation,emotional regulation is the ability to manage and respond to emotional experiences in a healthy way skills include identifying emotions pausing before reacting using coping strategies and seeking support
How can I talk to my family about mental health?,Choose a calm moment be honest about your feelings use simple language focus on how you feel rather than blaming others and be patient as they may need time to understand mental health topics.,how can i talk to my family about mental health,choose a calm moment be honest about your feelings use simple language focus on how you feel rather than blaming others and be patient as they may need time to understand mental health topics
What is a mental health crisis?,A mental health crisis is any situation in which a person is overwhelmed by emotional distress or mental illness to the point where they cannot function or are at risk of harming themselves or others.,what is a mental health crisis,a mental health crisis is any situation in which a person is overwhelmed by emotional distress or mental illness to the point where they cannot function or are at risk of harming themselves or others
What should I do in a mental health emergency?,In a mental health emergency call emergency services stay with the person remove any dangerous objects speak calmly and do not leave them alone until professional help arrives.,what should i do in a mental health emergency,in a mental health emergency call emergency services stay with the person remove any dangerous objects speak calmly and do not leave them alone until professional help arrives
How does meditation help mental health?,Meditation reduces stress and anxiety improves emotional health enhances self-awareness lengthens attention span and can help fight addiction. Regular practice rewires the brain toward positivity.,how does meditation help mental health,meditation reduces stress and anxiety improves emotional health enhances selfawareness lengthens attention span and can help fight addiction regular practice rewires the brain toward positivity
What is the stigma around mental health?,Mental health stigma involves negative attitudes beliefs and stereotypes about people with mental illness. It prevents people from seeking help and can lead to discrimination. Education and open conversation reduce stigma.,what is the stigma around mental health,mental health stigma involves negative attitudes beliefs and stereotypes about people with mental illness it prevents people from seeking help and can lead to discrimination education and open conversation reduce stigma
Can children have mental health problems?,Yes children can experience anxiety depression ADHD autism spectrum disorder and other conditions. Early identification and intervention are crucial for healthy development.,can children have mental health problems,yes children can experience anxiety depression adhd autism spectrum disorder and other conditions early identification and intervention are crucial for healthy development
What is ADHD?,Attention deficit hyperactivity disorder or ADHD is a neurodevelopmental disorder characterized by inattention hyperactivity and impulsivity. It affects children and adults and can be managed with therapy and medication.,what is adhd,attention deficit hyperactivity disorder or adhd is a neurodevelopmental disorder characterized by inattention hyperactivity and impulsivity it affects children and adults and can be managed with therapy and medication
How does grief affect mental health?,Grief can cause sadness anger guilt anxiety sleep problems and difficulty concentrating. It is a natural response to loss and typically eases over time with support and sometimes therapy.,how does grief affect mental health,grief can cause sadness anger guilt anxiety sleep problems and difficulty concentrating it is a natural response to loss and typically eases over time with support and sometimes therapy
What are warning signs of suicide?,Warning signs include talking about wanting to die withdrawing from others giving away possessions extreme mood changes increased substance use and expressions of hopelessness or having no reason to live.,what are warning signs of suicide,warning signs include talking about wanting to die withdrawing from others giving away possessions extreme mood changes increased substance use and expressions of hopelessness or having no reason to live
What should I do if someone is suicidal?,Take it seriously stay with them remove access to means of self-harm listen without judgment call a crisis helpline or emergency services and encourage professional help immediately.,what should i do if someone is suicidal,take it seriously stay with them remove access to means of selfharm listen without judgment call a crisis helpline or emergency services and encourage professional help immediately
What is a mental health day?,A mental health day is a day taken off from work or school to rest recharge and focus on emotional well-being. It is a proactive way to prevent burnout and maintain mental health.,what is a mental health day,a mental health day is a day taken off from work or school to rest recharge and focus on emotional wellbeing it is a proactive way to prevent burnout and maintain mental health
How can I reduce workplace stress?,Reduce workplace stress by setting boundaries prioritizing tasks taking regular breaks communicating concerns to supervisors practicing relaxation techniques and maintaining a healthy work-life balance.,how can i reduce workplace stress,reduce workplace stress by setting boundaries prioritizing tasks taking regular breaks communicating concerns to supervisors practicing relaxation techniques and maintaining a healthy worklife balance
What is positive psychology?,Positive psychology is the scientific study of what makes life worth living. It focuses on strengths virtues happiness and flourishing rather than only on disorders and dysfunction.,what is positive psychology,positive psychology is the scientific study of what makes life worth living it focuses on strengths virtues happiness and flourishing rather than only on disorders and dysfunction
How does sleep deprivation affect mental health?,Lack of sleep worsens mood increases irritability impairs concentration raises stress levels and is linked to anxiety and depression. Quality sleep is essential for emotional regulation and brain function.,how does sleep deprivation affect mental health,lack of sleep worsens mood increases irritability impairs concentration raises stress levels and is linked to anxiety and depression quality sleep is essential for emotional regulation and brain function
What are the benefits of group therapy?,Group therapy provides a sense of community reduces isolation offers multiple perspectives develops social skills and allows people to learn from others facing similar challenges.,what are the benefits of group therapy,group therapy provides a sense of community reduces isolation offers multiple perspectives develops social skills and allows people to learn from others facing similar challenges
What is the connection between physical and mental health?,Physical and mental health are deeply interconnected. Chronic illness can cause depression and anxiety while poor mental health can worsen physical conditions. Caring for both is essential.,what is the connection between physical and mental health,physical and mental health are deeply interconnected chronic illness can cause depression and anxiety while poor mental health can worsen physical conditions caring for both is essential
How can pets help mental health?,Pets provide unconditional love reduce loneliness lower stress and blood pressure encourage routine and physical activity and can provide comfort during difficult emotional times.,how can pets help mental health,pets provide unconditional love reduce loneliness lower stress and blood pressure encourage routine and physical activity and can provide comfort during difficult emotional times
What is exposure therapy?,Exposure therapy is a psychological treatment that helps people confront their fears in a safe controlled environment. Gradual exposure reduces avoidance behaviors and anxiety over time.,what is exposure therapy,exposure therapy is a psychological treatment that helps people confront their fears in a safe controlled environment gradual exposure reduces avoidance behaviors and anxiety over time
What is the role of medication in mental health?,Medication can help manage symptoms of mental health conditions when combined with therapy. Common types include antidepressants anti-anxiety medications mood stabilizers and antipsychotics.,what is the role of medication in mental health,medication can help manage symptoms of mental health conditions when combined with therapy common types include antidepressants antianxiety medications mood stabilizers and antipsychotics
What is an eating disorder?,Eating disorders such as anorexia nervosa bulimia nervosa and binge eating disorder involve abnormal eating habits that negatively affect physical and mental health. They require professional treatment.,what is an eating disorder,eating disorders such as anorexia nervosa bulimia nervosa and binge eating disorder involve abnormal eating habits that negatively affect physical and mental health they require professional treatment
How can I manage negative thoughts?,Manage negative thoughts by identifying and challenging them practicing cognitive restructuring replacing them with balanced thoughts journaling mindfulness and seeking therapy if they persist.,how can i manage negative thoughts,manage negative thoughts by identifying and challenging them practicing cognitive restructuring replacing them with balanced thoughts journaling mindfulness and seeking therapy if they persist
What is the benefit of volunteering for mental health?,Volunteering provides a sense of purpose boosts self-esteem reduces stress promotes social connection and shifts focus away from personal problems contributing to overall happiness.,what is the benefit of volunteering for mental health,volunteering provides a sense of purpose boosts selfesteem reduces stress promotes social connection and shifts focus away from personal problems contributing to overall happiness
What is dissociation?,Dissociation is a mental process where a person disconnects from their thoughts feelings surroundings or sense of identity. It often occurs as a response to trauma and ranges from mild to severe.,what is dissociation,dissociation is a mental process where a person disconnects from their thoughts feelings surroundings or sense of identity it often occurs as a response to trauma and ranges from mild to severe
How can music help mental health?,Music can reduce stress improve mood boost motivation promote relaxation and even decrease symptoms of depression and anxiety. Both listening to and playing music have therapeutic benefits.,how can music help mental health,music can reduce stress improve mood boost motivation promote relaxation and even decrease symptoms of depression and anxiety both listening to and playing music have therapeutic benefits
What is art therapy?,Art therapy uses creative expression through painting drawing sculpture and other art forms to help people process emotions improve self-awareness reduce anxiety and heal from trauma.,what is art therapy,art therapy uses creative expression through painting drawing sculpture and other art forms to help people process emotions improve selfawareness reduce anxiety and heal from trauma
What are grounding techniques?,Grounding techniques help you stay connected to the present moment during anxiety or dissociation. Examples include the 5-4-3-2-1 technique focusing on physical sensations and controlled breathing.,what are grounding techniques,grounding techniques help you stay connected to the present moment during anxiety or dissociation examples include the 54321 technique focusing on physical sensations and controlled breathing
How does anger affect mental health?,Unmanaged anger can increase stress damage relationships lead to depression and contribute to physical health problems. Learning healthy anger management techniques is important for well-being.,how does anger affect mental health,unmanaged anger can increase stress damage relationships lead to depression and contribute to physical health problems learning healthy anger management techniques is important for wellbeing
What is the importance of routine for mental health?,A daily routine provides structure reduces decision fatigue promotes healthy habits improves sleep and creates a sense of stability and control which is especially helpful during difficult times.,what is the importance of routine for mental health,a daily routine provides structure reduces decision fatigue promotes healthy habits improves sleep and creates a sense of stability and control which is especially helpful during difficult times
What is the impact of bullying on mental health?,Bullying can cause anxiety depression low self-esteem PTSD social withdrawal and in severe cases suicidal thoughts. Creating safe supportive environments is essential for victims.,what is the impact of bullying on mental health,bullying can cause anxiety depression low selfesteem ptsd social withdrawal and in severe cases suicidal thoughts creating safe supportive environments is essential for victims
How can I practice positive self-talk?,Replace negative thoughts with kind encouraging statements remind yourself of your strengths celebrate small wins speak to yourself as you would a good friend and challenge self-critical thinking.,how can i practice positive selftalk,replace negative thoughts with kind encouraging statements remind yourself of your strengths celebrate small wins speak to yourself as you would a good friend and challenge selfcritical thinking
What is the connection between creativity and mental health?,Creative activities provide emotional release reduce stress boost self-esteem improve mood and offer a sense of accomplishment. Engaging in creative hobbies promotes overall mental well-being.,what is the connection between creativity and mental health,creative activities provide emotional release reduce stress boost selfesteem improve mood and offer a sense of accomplishment engaging in creative hobbies promotes overall mental wellbeing
What is psychological safety?,Psychological safety is the belief that you can speak up share ideas make mistakes and be yourself without fear of punishment or humiliation. It is essential in workplaces schools and relationships.,what is psychological safety,psychological safety is the belief that you can speak up share ideas make mistakes and be yourself without fear of punishment or humiliation it is essential in workplaces schools and relationships
How can I help my child with anxiety?,Validate their feelings teach simple breathing techniques maintain routines avoid excessive reassurance model calm behavior limit exposure to stressors and consider professional support if needed.,how can i help my child with anxiety,validate their feelings teach simple breathing techniques maintain routines avoid excessive reassurance model calm behavior limit exposure to stressors and consider professional support if needed
What are the effects of childhood trauma on adult mental health?,Childhood trauma can lead to PTSD depression anxiety attachment issues trust difficulties low self-esteem and increased risk of substance abuse in adulthood. Therapy can help address these impacts.,what are the effects of childhood trauma on adult mental health,childhood trauma can lead to ptsd depression anxiety attachment issues trust difficulties low selfesteem and increased risk of substance abuse in adulthood therapy can help address these impacts
What is acceptance and commitment therapy?,Acceptance and commitment therapy or ACT helps people accept difficult emotions rather than fighting them commit to values-based action and develop psychological flexibility to improve mental health.,what is acceptance and commitment therapy,acceptance and commitment therapy or act helps people accept difficult emotions rather than fighting them commit to valuesbased action and develop psychological flexibility to improve mental health
How can I practice digital detox for mental health?,Set screen time limits take regular breaks from social media engage in offline activities turn off notifications before bed and create tech-free zones to reduce digital stress and improve focus.,how can i practice digital detox for mental health,set screen time limits take regular breaks from social media engage in offline activities turn off notifications before bed and create techfree zones to reduce digital stress and improve focus
What is the relationship between perfectionism and mental health?,Extreme perfectionism is linked to anxiety depression burnout procrastination and low self-worth. Healthy striving differs from perfectionism by focusing on growth rather than flawless outcomes.,what is the relationship between perfectionism and mental health,extreme perfectionism is linked to anxiety depression burnout procrastination and low selfworth healthy striving differs from perfectionism by focusing on growth rather than flawless outcomes
How do I build a morning routine for mental health?,Include activities like stretching hydration healthy breakfast mindfulness journaling or a short walk. A consistent positive morning routine sets an intentional calm tone for the rest of the day.,how do i build a morning routine for mental health,include activities like stretching hydration healthy breakfast mindfulness journaling or a short walk a consistent positive morning routine sets an intentional calm tone for the rest of the day
What is validation in mental health?,Validation means acknowledging and accepting another person's feelings and experiences as understandable. It communicates empathy builds trust and helps people feel heard and less alone.,what is validation in mental health,validation means acknowledging and accepting another persons feelings and experiences as understandable it communicates empathy builds trust and helps people feel heard and less alone
How can I overcome social anxiety?,Work on social anxiety by starting with small social interactions challenging negative thoughts practicing relaxation techniques role-playing social scenarios and considering cognitive behavioral therapy.,how can i overcome social anxiety,work on social anxiety by starting with small social interactions challenging negative thoughts practicing relaxation techniques roleplaying social scenarios and considering cognitive behavioral therapy
What are the signs of burnout?,Signs of burnout include chronic exhaustion cynicism reduced performance feeling detached from work physical symptoms like headaches and a sense of ineffectiveness despite effort.,what are the signs of burnout,signs of burnout include chronic exhaustion cynicism reduced performance feeling detached from work physical symptoms like headaches and a sense of ineffectiveness despite effort
