question,answer
What is mental health?,Mental health includes our emotional psychological and social well-being. It affects how we think feel and act and helps determine how we handle stress relate to others and make choices.
What are the signs of depression?,Common signs of depression include persistent sadness loss of interest in activities changes in appetite or sleep fatigue difficulty concentrating feelings of worthlessness and in severe cases thoughts of self-harm.
How can I manage anxiety?,You can manage anxiety through deep breathing exercises mindfulness meditation regular physical exercise adequate sleep limiting caffeine and alcohol and talking to a therapist or counselor.
What is the difference between stress and anxiety?,Stress is typically caused by an external trigger and goes away once the situation is resolved. Anxiety persists even without a specific cause and can interfere with daily life.
How does exercise help mental health?,Exercise releases endorphins which are natural mood lifters. It reduces stress hormones like cortisol improves sleep boosts self-esteem and provides a healthy distraction from negative thoughts.
What is mindfulness?,Mindfulness is the practice of being fully present and aware of your thoughts feelings and surroundings without judgment. It helps reduce stress anxiety and depression.
How can I improve my sleep for better mental health?,Maintain a consistent sleep schedule avoid screens before bed create a comfortable sleep environment limit caffeine and practice relaxation techniques like deep breathing or meditation before sleeping.
What is cognitive behavioral therapy?,Cognitive behavioral therapy or CBT is a type of psychotherapy that helps people identify and change negative thought patterns and behaviors. It is effective for treating depression anxiety PTSD and other conditions.
How can I support a friend with mental illness?,Listen without judgment offer your presence and support encourage them to seek professional help educate yourself about their condition avoid minimizing their feelings and check in on them regularly.
What are panic attacks?,Panic attacks are sudden episodes of intense fear that trigger severe physical reactions such as rapid heartbeat shortness of breath dizziness and trembling. They can occur without an obvious cause.
How do I know if I need therapy?,You might need therapy if you feel overwhelmed most of the time your mental state is affecting your relationships or work you are using substances to cope or you have experienced trauma or loss.
What is PTSD?,Post-traumatic stress disorder or PTSD is a mental health condition triggered by experiencing or witnessing a terrifying event. Symptoms include flashbacks nightmares severe anxiety and uncontrollable thoughts.
What are coping strategies for mental health?,Healthy coping strategies include journaling exercise talking to someone meditation creative outlets spending time in nature maintaining social connections and practicing gratitude.
How does social media affect mental health?,Excessive social media use can lead to anxiety depression low self-esteem and sleep problems especially due to comparison with others cyberbullying and information overload. Setting screen time limits helps.
What is self-care and why is it important?,Self-care involves intentional actions to maintain your physical emotional and mental well-being. It is important because it prevents burnout reduces stress and improves overall quality of life.
Can mental illness be cured?,Many mental illnesses can be effectively managed or treated with therapy medication lifestyle changes or a combination. Some people experience full recovery while others learn to manage symptoms long-term.
What is bipolar disorder?,Bipolar disorder is a mental condition characterized by extreme mood swings including emotional highs called mania and lows called depression. These shifts can affect sleep energy activity judgment and behavior.
How can I help someone having a panic attack?,Stay calm and reassure them. Encourage slow deep breathing. Remind them the panic attack will pass and they are safe. Do not leave them alone and avoid saying things like just relax.
What is the role of nutrition in mental health?,A balanced diet rich in fruits vegetables whole grains lean proteins and omega-3 fatty acids supports brain health. Poor nutrition can worsen mood and cognitive function.
What is emotional intelligence?,Emotional intelligence is the ability to recognize understand manage and effectively use your own emotions and empathize with others. It improves relationships communication and mental resilience.
How does trauma affect mental health?,Trauma can cause PTSD anxiety depression trust issues emotional numbness and physical symptoms. Trauma-informed therapy can help people process and heal from traumatic experiences.
What is the importance of social connections for mental health?,Strong social connections reduce feelings of loneliness lower stress improve mood and even boost physical health. Isolation can worsen mental health conditions significantly.
How do I practice gratitude?,Practice gratitude by keeping a daily journal of things you are thankful for expressing appreciation to others focusing on positive moments and shifting your mindset from what you lack to what you have.
What is OCD?,Obsessive-compulsive disorder or OCD is a mental health condition where people experience unwanted recurring thoughts called obsessions and repetitive behaviors called compulsions that they feel driven to perform.
How can breathing exercises help anxiety?,Slow deep breathing activates the parasympathetic nervous system which calms the body's stress response. Techniques like box breathing and diaphragmatic breathing can quickly reduce anxiety symptoms.
What is the difference between sadness and depression?,Sadness is a normal human emotion that passes over time usually in response to a specific event. Depression is a persistent condition that lasts weeks or months affects functioning and often has no clear cause.
How can I build resilience?,Build resilience by developing a positive mindset maintaining strong relationships setting realistic goals learning from failures practicing self-care and seeking help when needed.
What is schizophrenia?,Schizophrenia is a serious mental disorder where people interpret reality abnormally. Symptoms may include hallucinations delusions disorganized thinking and impaired daily functioning. It requires lifelong treatment.
Why is mental health awareness important?,Mental health awareness reduces stigma encourages people to seek help promotes early intervention and improves overall community well-being. It helps normalize conversations about emotional struggles.
What is a therapist vs a psychiatrist?,A therapist provides talk therapy to help manage mental health issues. A psychiatrist is a medical doctor who can diagnose mental health conditions and prescribe medication.
How does alcohol affect mental health?,Alcohol is a depressant that can worsen anxiety and depression disrupt sleep impair judgment and create dependency. Long-term use significantly harms mental and physical health.
What is the fight or flight response?,The fight or flight response is the body's automatic reaction to a perceived threat. It triggers adrenaline release increased heart rate and heightened alertness to help you either confront or escape danger.
How can journaling improve mental health?,Journaling helps process emotions identify negative thought patterns reduce stress track moods and gain self-awareness. Writing regularly provides a safe outlet for feelings and promotes clarity.
What are the types of anxiety disorders?,Types include generalized anxiety disorder panic disorder social anxiety disorder specific phobias separation anxiety disorder and agoraphobia. Each has unique triggers and symptoms.
What is self-compassion?,Self-compassion means treating yourself with kindness and understanding during difficult times rather than harsh self-criticism. It involves recognizing your shared humanity and being mindful of your pain.
How can I set healthy boundaries?,Set healthy boundaries by knowing your limits communicating them clearly to others learning to say no without guilt and consistently enforcing them. Boundaries protect your mental and emotional energy.
What is the impact of loneliness on mental health?,Chronic loneliness is linked to depression anxiety cognitive decline and even shorter lifespan. Building meaningful connections and community involvement can combat loneliness effectively.
How does nature help mental health?,Spending time in nature reduces cortisol levels lowers blood pressure boosts mood improves focus and promotes feelings of calm and well-being. Even short walks in green spaces are beneficial.
What is emotional regulation?,Emotional regulation is the ability to manage and respond to emotional experiences in a healthy way. Skills include identifying emotions pausing before reacting using coping strategies and seeking support.
How can I talk to my family about mental health?,Choose a calm moment be honest about your feelings use simple language focus on how you feel rather than blaming others and be patient as they may need time to understand mental health topics.
What is a mental health crisis?,A mental health crisis is any situation in which a person is overwhelmed by emotional distress or mental illness to the point where they cannot function or are at risk of harming themselves or others.
What should I do in a mental health emergency?,In a mental health emergency call emergency services stay with the person remove any dangerous objects speak calmly and do not leave them alone until professional help arrives.
How does meditation help mental health?,Meditation reduces stress and anxiety improves emotional health enhances self-awareness lengthens attention span and can help fight addiction. Regular practice rewires the brain toward positivity.
What is the stigma around mental health?,Mental health stigma involves negative attitudes beliefs and stereotypes about people with mental illness. It prevents people from seeking help and can lead to discrimination. Education and open conversation reduce stigma.
Can children have mental health problems?,Yes children can experience anxiety depression ADHD autism spectrum disorder and other conditions. Early identification and intervention are crucial for healthy development.
What is ADHD?,Attention deficit hyperactivity disorder or ADHD is a neurodevelopmental disorder characterized by inattention hyperactivity and impulsivity. It affects children and adults and can be managed with therapy and medication.
How does grief affect mental health?,Grief can cause sadness anger guilt anxiety sleep problems and difficulty concentrating. It is a natural response to loss and typically eases over time with support and sometimes therapy.
What are warning signs of suicide?,Warning signs include talking about wanting to die withdrawing from others giving away possessions extreme mood changes increased substance use and expressions of hopelessness or having no reason to live.
What should I do if someone is suicidal?,Take it seriously stay with them remove access to means of self-harm listen without judgment call a crisis helpline or emergency services and encourage professional help immediately.
What is a mental health day?,A mental health day is a day taken off from work or school to rest recharge and focus on emotional well-being. It is a proactive way to prevent burnout and maintain mental health.
How can I reduce workplace stress?,Reduce workplace stress by setting boundaries prioritizing tasks taking regular breaks communicating concerns to supervisors practicing relaxation techniques and maintaining a healthy work-life balance.
What is positive psychology?,Positive psychology is the scientific study of what makes life worth living. It focuses on strengths virtues happiness and flourishing rather than only on disorders and dysfunction.
How does sleep deprivation affect mental health?,Lack of sleep worsens mood increases irritability impairs concentration raises stress levels and is linked to anxiety and depression. Quality sleep is essential for emotional regulation and brain function.
What are the benefits of group therapy?,Group therapy provides a sense of community reduces isolation offers multiple perspectives develops social skills and allows people to learn from others facing similar challenges.
What is the connection between physical and mental health?,Physical and mental health are deeply interconnected. Chronic illness can cause depression and anxiety while poor mental health can worsen physical conditions. Caring for both is essential.
How can pets help mental health?,Pets provide unconditional love reduce loneliness lower stress and blood pressure encourage routine and physical activity and can provide comfort during difficult emotional times.
What is exposure therapy?,Exposure therapy is a psychological treatment that helps people confront their fears in a safe controlled environment. Gradual exposure reduces avoidance behaviors and anxiety over time.
What is the role of medication in mental health?,Medication can help manage symptoms of mental health conditions when combined with therapy. Common types include antidepressants anti-anxiety medications mood stabilizers and antipsychotics.
What is an eating disorder?,Eating disorders such as anorexia nervosa bulimia nervosa and binge eating disorder involve abnormal eating habits that negatively affect physical and mental health. They require professional treatment.
How can I manage negative thoughts?,Manage negative thoughts by identifying and challenging them practicing cognitive restructuring replacing them with balanced thoughts journaling mindfulness and seeking therapy if they persist.
What is the benefit of volunteering for mental health?,Volunteering provides a sense of purpose boosts self-esteem reduces stress promotes social connection and shifts focus away from personal problems contributing to overall happiness.
What is dissociation?,Dissociation is a mental process where a person disconnects from their thoughts feelings surroundings or sense of identity. It often occurs as a response to trauma and ranges from mild to severe.
How can music help mental health?,Music can reduce stress improve mood boost motivation promote relaxation and even decrease symptoms of depression and anxiety. Both listening to and playing music have therapeutic benefits.
What is art therapy?,Art therapy uses creative expression through painting drawing sculpture and other art forms to help people process emotions improve self-awareness reduce anxiety and heal from trauma.
What are grounding techniques?,Grounding techniques help you stay connected to the present moment during anxiety or dissociation. Examples include the 5-4-3-2-1 technique focusing on physical sensations and controlled breathing.
How does anger affect mental health?,Unmanaged anger can increase stress damage relationships lead to depression and contribute to physical health problems. Learning healthy anger management techniques is important for well-being.
What is the importance of routine for mental health?,A daily routine provides structure reduces decision fatigue promotes healthy habits improves sleep and creates a sense of stability and control which is especially helpful during difficult times.
What is the impact of bullying on mental health?,Bullying can cause anxiety depression low self-esteem PTSD social withdrawal and in severe cases suicidal thoughts. Creating safe supportive environments is essential for victims.
How can I practice positive self-talk?,Replace negative thoughts with kind encouraging statements remind yourself of your strengths celebrate small wins speak to yourself as you would a good friend and challenge self-critical thinking.
What is the connection between creativity and mental health?,Creative activities provide emotional release reduce stress boost self-esteem improve mood and offer a sense of accomplishment. Engaging in creative hobbies promotes overall mental well-being.
What is psychological safety?,Psychological safety is the belief that you can speak up share ideas make mistakes and be yourself without fear of punishment or humiliation. It is essential in workplaces schools and relationships.
How can I help my child with anxiety?,Validate their feelings teach simple breathing techniques maintain routines avoid excessive reassurance model calm behavior limit exposure to stressors and consider professional support if needed.
What are the effects of childhood trauma on adult mental health?,Childhood trauma can lead to PTSD depression anxiety attachment issues trust difficulties low self-esteem and increased risk of substance abuse in adulthood. Therapy can help address these impacts.
What is acceptance and commitment therapy?,Acceptance and commitment therapy or ACT helps people accept difficult emotions rather than fighting them commit to values-based action and develop psychological flexibility to improve mental health.
How can I practice digital detox for mental health?,Set screen time limits take regular breaks from social media engage in offline activities turn off notifications before bed and create tech-free zones to reduce digital stress and improve focus.
What is the relationship between perfectionism and mental health?,Extreme perfectionism is linked to anxiety depression burnout procrastination and low self-worth. Healthy striving differs from perfectionism by focusing on growth rather than flawless outcomes.
How do I build a morning routine for mental health?,Include activities like stretching hydration healthy breakfast mindfulness journaling or a short walk. A consistent positive morning routine sets an intentional calm tone for the rest of the day.
What is validation in mental health?,Validation means acknowledging and accepting another person's feelings and experiences as understandable. It communicates empathy builds trust and helps people feel heard and less alone.
How can I overcome social anxiety?,Work on social anxiety by starting with small social interactions challenging negative thoughts practicing relaxation techniques role-playing social scenarios and considering cognitive behavioral therapy.
What are the signs of burnout?,Signs of burnout include chronic exhaustion cynicism reduced performance feeling detached from work physical symptoms like headaches and a sense of ineffectiveness despite effort.
